timeStamp,elapsed,label,responseCode,responseMessage,threadName,dataType,success,failureMessage,bytes,sentBytes,grpThreads,allThreads,URL,Latency,IdleTime,Connect
1626159974636,282,Login as u1,200,OK,Thread Group 1-1,text,true,,15,28,1,1,null,0,0,0
1626159974928,319,Action = none,200,OK,Thread Group 1-1,text,true,,0,0,1,1,null,0,0,0
1626159975458,336,Action a,200,OK,Thread Group 1-1,text,true,,12,16,1,1,null,0,0,0
1626159975816,197,Action b,200,OK,Thread Group 1-1,text,true,,12,16,1,1,null,0,0,0
1626159976036,153,Action c,200,OK,Thread Group 1-1,text,true,,12,16,1,1,null,0,0,0
1626159976212,337,Action d,200,OK,Thread Group 1-1,text,true,,12,16,1,1,null,0,0,0
1626159976569,179,Logout,200,OK,Thread Group 1-1,text,true,,13,9,1,1,null,0,0,0
1626159976750,108,Action = <EOF>,200,OK,Thread Group 1-1,text,true,,0,0,1,1,null,0,0,0
1626159976859,219,Login as u2,200,OK,Thread Group 1-1,text,true,,15,28,1,1,null,0,0,0
1626159977079,183,Action = none,200,OK,Thread Group 1-1,text,true,,0,0,1,1,null,0,0,0
1626159977275,113,Logout,200,OK,Thread Group 1-1,text,true,,13,9,1,1,null,0,0,0
1626159977390,239,Action = <EOF>,200,OK,Thread Group 1-1,text,true,,0,0,1,1,null,0,0,0
